{"cameraMode":{"drawMode":0,"name":"Shaded","section":"Shading Mode"},"sceneLighting":false,"audioPlay":false,"sceneViewState":{"showFog":true,"showMaterialUpdate":false,"showSkybox":true,"showFlares":true,"showImageEffects":true,"showParticleSystems":true},"in2DMode":false,"pivot":{"x":-16.492431640625,"y":25.537940979003908,"z":25.69420623779297},"rotation":{"x":-0.143628790974617,"y":0.5073758363723755,"z":-0.08621184527873993,"w":-0.8452863097190857},"size":71.67765045166016,"orthographic":false}