{"cameraMode":{"drawMode":0,"name":"Shaded","section":"Shading Mode"},"sceneLighting":false,"audioPlay":false,"sceneViewState":{"showFog":true,"showMaterialUpdate":false,"showSkybox":true,"showFlares":true,"showImageEffects":true,"showParticleSystems":true},"in2DMode":false,"pivot":{"x":-33.269798278808597,"y":29.00200080871582,"z":-0.3079986572265625},"rotation":{"x":0.17389483749866486,"y":0.4608069658279419,"z":-0.09259992092847824,"w":0.8653610944747925},"size":98.96102905273438,"orthographic":true}