{"cameraMode":{"drawMode":0,"name":"Shaded","section":"Shading Mode"},"sceneLighting":false,"audioPlay":false,"sceneViewState":{"showFog":true,"showMaterialUpdate":false,"showSkybox":true,"showFlares":true,"showImageEffects":true,"showParticleSystems":true},"in2DMode":false,"pivot":{"x":0.3079986572265625,"y":29.750051498413087,"z":-3.6005520820617677},"rotation":{"x":0.17389483749866486,"y":0.4608069658279419,"z":-0.09259992092847824,"w":0.8653610944747925},"size":96.32450103759766,"orthographic":true}