{"cameraMode":{"drawMode":0,"name":"Shaded","section":"Shading Mode"},"sceneLighting":false,"audioPlay":false,"sceneViewState":{"showFog":true,"showMaterialUpdate":false,"showSkybox":true,"showFlares":true,"showImageEffects":true,"showParticleSystems":true},"in2DMode":false,"pivot":{"x":-17.530437469482423,"y":14.989889144897461,"z":15.898313522338868},"rotation":{"x":-0.143628790974617,"y":0.5073758363723755,"z":-0.08621184527873993,"w":-0.8452863097190857},"size":96.976806640625,"orthographic":false}